id,text
1,"I absolutely love this product! Best purchase I've ever made."
2,"The weather today is 72°F with partly cloudy skies."
3,"Terrible experience. The item arrived broken and customer service was rude."
4,"The meeting has been rescheduled to 3 PM tomorrow."
5,"This is amazing! Incredibly fast shipping and beautiful packaging."
6,"I'm really disappointed with the quality. Not worth the price at all."
7,"Can you send me the report by end of day?"
8,"Thank you so much for your help! You've been wonderful."
9,"The food was cold and tasteless. Worst restaurant I've been to."
10,"Our quarterly revenue increased by 12% year-over-year."
11,"I'm not happy with this update. It broke several features."
12,"Great job on the presentation! Very impressive work."
13,"The new software update is incredibly slow and frustrating."
14,"We had an amazing time at the resort. Highly recommend!"
15,"Please find the attached document for your review."
16,"This is the worst customer service I have ever experienced."
17,"The sunset over the mountains was absolutely breathtaking."
18,"Revenue figures for Q3 will be released next Monday."
19,"I regret buying this. Complete waste of money."
20,"Your team has been exceptionally supportive throughout the process."
